DELETE FROM SERVER;
DELETE FROM CODER;
DELETE FROM EXTENSION;
DELETE FROM SALARY;
DELETE FROM EMPLOYEE;
DELETE FROM FILES;
DELETE FROM STARRED;
DELETE FROM REPOSITORY;

INSERT INTO SERVER VALUES('123.456.789.696','Bangalore');
INSERT INTO SERVER VALUES('121.222.312.222','London');
INSERT INTO SERVER VALUES('121.222.356.234','Kampala');
INSERT INTO SERVER VALUES('123.456.789.999','Medellin');
INSERT INTO SERVER VALUES('321.456.789.999','Albuquerque');
INSERT INTO SERVER VALUES('321.389.789.999','Sydney');
INSERT INTO CODER VALUES('Horus','Harish','Bhat','horus@mail.com',42,'general');
INSERT INTO CODER VALUES('Gcoder','Ganesh','Murthy','ganesh@gmail.com',26,'premium','Google');
INSERT INTO CODER VALUES('DineshC','Dinesh','Chakraborty','dinesh@yahoo.com',30,'general');
INSERT INTO CODER VALUES('torvalds','Linus','Torvalds','linus@torvalds.com',60,'premium');
INSERT INTO CODER VALUES('billmel','Bill','Gates','billgates@outlook.com',39,'general','Microsoft');
INSERT INTO EXTENSION VALUES('.py','python');
INSERT INTO EXTENSION VALUES('.txt','ASCII text');
INSERT INTO EXTENSION VALUES('.c','C');
INSERT INTO EXTENSION VALUES('.cpp','C++');
INSERT INTO EXTENSION VALUES('.sh','bash');
INSERT INTO SALARY VALUES('CEO',300000);
INSERT INTO SALARY VALUES('Manager',200000);
INSERT INTO SALARY VALUES('Superintendent',250000);
INSERT INTO REPOSITORY VALUES('linux','torvalds','The Best Kernel','121.222.356.234');
INSERT INTO REPOSITORY VALUES('uemacs','torvalds','micro version of a great OS and terrible Editor','121.222.312.222');
INSERT INTO REPOSITORY VALUES('vscode','billmel','at last a good product','121.222.312.222');
INSERT INTO REPOSITORY VALUES('android','Gcoder','ginger and oreo, all in all','123.456.789.999');
INSERT INTO STARRED VALUES('Horus','uemacs',4);
INSERT INTO STARRED VALUES('Horus','vscode',3);
INSERT INTO STARRED VALUES('Gcoder','android',5);
INSERT INTO STARRED VALUES('billmel','linux',1);
INSERT INTO EMPLOYEE VALUES('HUB0000000001','Nat','Friedman','natfreid@github.org','CEO','123.456.789.696');
INSERT INTO EMPLOYEE VALUES('HUB0000000002','Ramesh','Ranganathan','rr@github.org','Manager','121.222.312.222');
INSERT INTO EMPLOYEE VALUES('HUB0000000003','Sheela','Ramani','sheela@github.org','Superintendent','121.222.312.222');
INSERT INTO FILES VALUES('run','.sh','android','Gcoder',10);
INSERT INTO FILES VALUES('kern','.c','android','torvalds',20);
INSERT INTO FILES VALUES('bugbot','.py','android','billmel',30);
INSERT INTO FILES VALUES('compiler','.c','uemacs','torvalds',40);
INSERT INTO FILES VALUES('runner','.py','uemacs','DineshC',50);
INSERT INTO FILES VALUES('exec','.c','linux','torvalds',15);
INSERT INTO FILES VALUES('OMP','.c','linux','DineshC',25);
INSERT INTO FILES VALUES('class','.cpp','linux','torvalds',35);
INSERT INTO FILES VALUES('colors','.py','vscode','Horus',45);
INSERT INTO FILES VALUES('README','.txt','vscode','billmel',45);
